[{"id": 1, "po_number": "ZAAAAA11111", "invoice_date": "2017-03-01", "due_date": "2017-03-15", "amount_cents": 15000, "created_at": "2017-04-15T01:02:03Z"},
{"id": 2, "po_number": "ZBBBBB22222", "invoice_date": "2017-03-01", "due_date": "2017-03-15", "amount_cents": 15000, "created_at": "2017-04-15T01:02:03Z"},
{"id": 3, "po_number": "ZCCCCC33333", "invoice_date": "2017-03-01", "due_date": "2017-03-15", "amount_cents": 15000, "created_at": "2017-04-15T01:02:03Z"},
{"id": 4, "po_number": "ZDDDDD44444", "invoice_date": "2017-03-01", "due_date": "2017-03-15", "amount_cents": 15000, "created_at": "2017-04-15T01:02:03Z"},
{"id": 5, "po_number": "ZEEEEE55555", "invoice_date": "2017-03-01", "due_date": "2017-03-15", "amount_cents": 15000, "created_at": "2017-04-15T01:02:03Z"},
{"id": 6, "po_number": "ZFFFFF66666", "invoice_date": "2017-03-01", "due_date": "2017-03-15", "amount_cents": 15000, "created_at": "2017-04-15T01:02:03Z"},
{"id": 7, "po_number": "ZA1A1A1A1A1", "invoice_date": "2017-03-01", "due_date": "2017-03-15", "amount_cents": 15000, "created_at": "2017-04-15T01:02:03Z"},
{"id": 8, "po_number": "ZB2B2B2B2B2", "invoice_date": "2017-03-01", "due_date": "2017-03-15", "amount_cents": 15000, "created_at": "2017-04-15T01:02:03Z"},
{"id": 9, "po_number": "ZC3C3C3C3C3", "invoice_date": "2017-03-01", "due_date": "2017-03-15", "amount_cents": 15000, "created_at": "2017-04-15T01:02:03Z"},
{"id": 10, "po_number": "ZD4D4D4D4D4", "invoice_date": "2017-03-01", "due_date": "2017-03-15", "amount_cents": 15000, "created_at": "2017-04-15T01:02:03Z"},
{"id": 11, "po_number": "ZE5E5E5E5E5", "invoice_date": "2017-03-01", "due_date": "2017-03-15", "amount_cents": 15000, "created_at": "2017-04-15T01:02:03Z"},
{"id": 12, "po_number": "ZF6F6F6F6F6", "invoice_date": "2017-03-01", "due_date": "2017-03-15", "amount_cents": 15000, "created_at": "2017-04-15T01:02:03Z"},
{"id": 13, "po_number": "ZAA11BB22CC", "invoice_date": "2017-03-01", "due_date": "2017-03-15", "amount_cents": 15000, "created_at": "2017-04-15T01:02:03Z"},
{"id": 14, "po_number": "Z5544332211", "invoice_date": "2017-03-01", "due_date": "2017-03-15", "amount_cents": 15000, "created_at": "2017-04-15T01:02:03Z"},
{"id": 13, "po_number": "ZAABBCCDDEE", "invoice_date": "2017-03-01", "due_date": "2017-03-15", "amount_cents": 15000, "created_at": "2017-04-15T01:02:03Z"}]
