[{"id": 1, "po_number": "KOBFO5EF00", "invoice_date": "2017-03-01", "due_date": "2017-03-15", "amount_cents": 15000, "created_at": "2017-04-15T01:02:03Z"},
{"id": 2, "po_number": "MYVBWKRMAI", "invoice_date": "2017-03-01", "due_date": "2017-03-15", "amount_cents": 15000, "created_at": "2017-04-15T01:02:03Z"},
{"id": 3, "po_number": "1W9FLBKU1O", "invoice_date": "2017-03-01", "due_date": "2017-03-15", "amount_cents": 15000, "created_at": "2017-04-15T01:02:03Z"},
{"id": 4, "po_number": "528UHZJQXD", "invoice_date": "2017-03-01", "due_date": "2017-03-15", "amount_cents": 15000, "created_at": "2017-04-15T01:02:03Z"},
{"id": 5, "po_number": "DAPFBY5QUB", "invoice_date": "2017-03-01", "due_date": "2017-03-15", "amount_cents": 15000, "created_at": "2017-04-15T01:02:03Z"},
{"id": 6, "po_number": "PAHHZHI6QP", "invoice_date": "2017-03-01", "due_date": "2017-03-15", "amount_cents": 15000, "created_at": "2017-04-15T01:02:03Z"},
{"id": 7, "po_number": "PAHHZHI6QP", "invoice_date": "2017-03-01", "due_date": "2017-03-15", "amount_cents": 15000, "created_at": "2017-04-15T01:02:03Z"},
{"id": 8, "po_number": "PAHHZHI6QP", "invoice_date": "2017-03-01", "due_date": "2017-03-15", "amount_cents": 15000, "created_at": "2017-04-15T01:02:03Z"},
{"id": 9, "po_number": "8LQ0VER5R0", "invoice_date": "2017-03-01", "due_date": "2017-03-15", "amount_cents": 15000, "created_at": "2017-04-15T01:02:03Z"},
{"id": 10, "po_number": "8LQ0VER5R0", "invoice_date": "2017-03-01", "due_date": "2017-03-15", "amount_cents": 15000, "created_at": "2017-04-15T01:02:03Z"},
{"id": 11, "po_number": "7BYBP3K6W4", "invoice_date": "2017-03-01", "due_date": "2017-03-15", "amount_cents": 15000, "created_at": "2017-04-15T01:02:03Z"},
{"id": 12, "po_number": "7BYBP3K6W4", "invoice_date": "2017-03-01", "due_date": "2017-03-15", "amount_cents": 15000, "created_at": "2017-04-15T01:02:03Z"},
{"id": 13, "po_number": "88HLC7X5CX", "invoice_date": "2017-03-01", "due_date": "2017-03-15", "amount_cents": 15000, "created_at": "2017-04-15T01:02:03Z"},
{"id": 14, "po_number": "88HLC7X5CX", "invoice_date": "2017-03-01", "due_date": "2017-03-15", "amount_cents": 15000, "created_at": "2017-04-15T01:02:03Z"},
{"id": 13, "po_number": "4LPXDTGW2Q", "invoice_date": "2017-03-01", "due_date": "2017-03-15", "amount_cents": 15000, "created_at": "2017-04-15T01:02:03Z"}]
